{
  "mlp": {
    "mse": [
      1.5950474739074707,
      0.665774405002594,
      0.036157961934804916
    ],
    "rmse": [
      1.2629518508911133,
      0.8159499764442444,
      0.19015246629714966
    ],
    "mae": [
      0.8752867579460144,
      0.5623649954795837,
      0.15154477953910828
    ],
    "r2": [
      0.9524554664125018,
      0.9816926200183719,
      0.4648204315084402
    ]
  },
  "cnn": {
    "mse": [
      1.8805391788482666,
      0.7807961702346802,
      0.040294989943504333
    ],
    "rmse": [
      1.371327519416809,
      0.8836266994476318,
      0.2007361203432083
    ],
    "mae": [
      0.9463857412338257,
      0.6268044710159302,
      0.15785475075244904
    ],
    "r2": [
      0.9439455972515718,
      0.9785297344027982,
      0.403588949565152
    ]
  },
  "cnnlstm": {
    "mse": [
      0.6325973868370056,
      0.20321908593177795,
      0.023851914331316948
    ],
    "rmse": [
      0.7953599095344543,
      0.45079827308654785,
      0.15444065630435944
    ],
    "mae": [
      0.5752609372138977,
      0.336275190114975,
      0.11865866184234619
    ],
    "r2": [
      0.9811438770683211,
      0.9944118750472241,
      0.6469640238230429
    ]
  },
  "cnnbilstm": {
    "mse": [
      0.9542693495750427,
      0.3186696469783783,
      0.027319589629769325
    ],
    "rmse": [
      0.9768670797348022,
      0.564508318901062,
      0.16528639197349548
    ],
    "mae": [
      0.672764241695404,
      0.40592440962791443,
      0.1258055418729782
    ],
    "r2": [
      0.9715554732826623,
      0.9912372411657373,
      0.5956367036136438
    ]
  },
  "sats": {
    "mse": [
      0.20769906044006348,
      0.0486186258494854,
      0.007272901479154825
    ],
    "rmse": [
      0.4557401239871979,
      0.2204963117837906,
      0.08528130501508713
    ],
    "mae": [
      0.2945769429206848,
      0.16293364763259888,
      0.06521084159612656
    ],
    "r2": [
      0.9938090251945957,
      0.9986630856295324,
      0.8923522524093869
    ]
  },
  "transformer": {
    "mse": [
      2.020498275756836,
      0.9062128663063049,
      0.04471951723098755
    ],
    "rmse": [
      1.4214422702789307,
      0.9519521594047546,
      0.21146990358829498
    ],
    "mae": [
      1.0084549188613892,
      0.6732468605041504,
      0.16899587213993073
    ],
    "r2": [
      0.9397739900734261,
      0.9750809727935384,
      0.33810262875547237
    ]
  },
  "unified": {
    "mse": [
      2.2836508750915527,
      1.2316662073135376,
      0.04994640499353409
    ],
    "rmse": [
      1.511175274848938,
      1.109804630279541,
      0.22348693013191223
    ],
    "mae": [
      1.0355892181396484,
      0.8454254269599915,
      0.17372830212116241
    ],
    "r2": [
      0.9319301969835685,
      0.966131656168407,
      0.26073118193534517
    ]
  },
  "isoline_gnn": {
    "mse": [
      1.9936238527297974,
      1.0720704793930054,
      0.06374692171812057
    ],
    "rmse": [
      1.4119575023651123,
      1.0354083776474,
      0.25248152017593384
    ],
    "mae": [
      1.0258874893188477,
      0.7693508863449097,
      0.20931583642959595
    ],
    "r2": [
      0.940574967804565,
      0.9705203392368897,
      0.05646926560431931
    ]
  },
  "tactile_gnn_gat": {
    "mse": [
      2.8087544441223145,
      1.7680081129074097,
      0.0444461926817894
    ],
    "rmse": [
      1.6759339570999146,
      1.329664707183838,
      0.21082265675067902
    ],
    "mae": [
      1.2096521854400635,
      1.0040203332901,
      0.1694314181804657
    ],
    "r2": [
      0.9162783010774613,
      0.9513832414776888,
      0.3421443768310998
    ]
  },
  "multi_head_field": {
    "mse": [
      0.5588650107383728,
      0.1367732733488083,
      0.022959351539611816
    ],
    "rmse": [
      0.7475727200508118,
      0.3698287010192871,
      0.1515234410762787
    ],
    "mae": [
      0.4918792247772217,
      0.27126362919807434,
      0.11403299868106842
    ],
    "r2": [
      0.9833415738326193,
      0.9962390127067628,
      0.6601746406412923
    ]
  }
}