{
  "a_ymax": 11.692790985107422,
  "a_fzmax": 4.519148540496826,
  "d_vmax": 1.0013444900512694,
  "e_xmax": 2.3105041670799253,
  "e_ymax": 5.256219820495026,
  "f_ymax": 4.019689083099365
}