{
  "a_ymax": 13.342089653015137,
  "a_fzmax": 4.403617801666259,
  "d_vmax": 1.0244509935379018,
  "e_xmax": 2.3105041670799253,
  "f_ymax": 4.454120635986328
}