{
  "a_ymax": 11.766968727111816,
  "a_fzmax": 4.403617801666259,
  "d_vmax": 1.0159760475158688,
  "e_xmax": 2.648978006839751,
  "e_ymax": 3.9215881647681354,
  "f_ymax": 4.662849426269531
}